timestamp,chain_atomone,marketPrice_atomone,marketVolume_atomone,marketVolume_atomone_index100,marketVolume_atomone_index100_roll7d,txCount_atomone,txCount_atomone_index100,txCount_atomone_index100_roll7d,chain_cosmos,marketPrice_cosmos,marketVolume_cosmos,marketVolume_cosmos_index100,marketVolume_cosmos_index100_roll7d,txCount_cosmos,txCount_cosmos_index100,txCount_cosmos_index100_roll7d
2025-04-23 23:13:20+00:00,atomone,1.7,94598,100,100,1988,92.37918216,96.18959108,cosmos,4.4,137221468,100,100,27294,91.96091644,95.98045822
2025-04-25 00:13:20+00:00,atomone,1.6,163608,172.9508023,136.4754012,1716,79.73977695,90.7063197,cosmos,4.55,132651489,96.66963263,98.33481631,29202,98.38948787,96.7834681
2025-04-26 01:13:20+00:00,atomone,1.56,143403,151.5919998,141.5142674,2187,101.6263941,93.43633829,cosmos,4.55,105295708,76.73413609,91.13458957,25723,86.66778976,94.25454852
2025-04-26 23:26:40+00:00,atomone,1.54,16713.31,17.66772025,110.5526306,1680,78.0669145,90.36245353,cosmos,4.59,114641990,83.54522923,89.23724949,23180,78.09973046,91.02358491
2025-04-28 00:26:40+00:00,atomone,1.45,15420.67,16.3012643,91.70235734,2089,97.07249071,91.48079306,cosmos,4.38,130958128,95.43559758,90.47691911,28720,96.76549865,91.98057053
2025-04-28 22:40:00+00:00,atomone,1.68,125727,132.9066154,98.56973368,1864,86.61710037,90.78597982,cosmos,4.46,92353411,67.30245081,86.61450772,27220,91.7115903,91.94214478
2025-04-29 23:40:00+00:00,atomone,1.52,37674,39.82536629,90.1776812,1591,73.93122677,88.67913569,cosmos,4.38,82749819,60.30384327,82.85584137,32048,107.9784367,93.94668127
2025-05-01 00:40:00+00:00,atomone,1.69,240586,254.3246157,112.2240549,2540,118.0297398,90.72623473,cosmos,4.3,82090551,59.82340241,77.11632743,33746,113.6994609,96.1874278
2025-05-01 22:53:20+00:00,atomone,1.69,152718,161.4389311,118.3759144,1837,85.36245353,90.05576208,cosmos,4.43,71003706,51.74387582,73.94477098,31773,107.0518868,97.54548518
2025-05-02 23:53:20+00:00,atomone,1.6,27751,29.33571534,100.4240285,1728,80.29739777,90.12546468,cosmos,4.37,74789745,54.50294775,68.67393537,32933,110.9602426,99.11682951
2025-05-04 00:53:20+00:00,atomone,1.45,83485,88.25239434,103.1978432,1462,67.93680297,87.03531599,cosmos,4.23,62273239,45.38155721,62.07052498,32161,108.3591644,105.21804
2025-05-04 23:06:40+00:00,atomone,1.44,32306,34.15082771,94.56696627,1683,78.2063197,85.93169145,cosmos,4.1,75363097,54.92077741,61.17680653,30336,102.2102426,104.8420654
2025-05-06 00:06:40+00:00,atomone,1.59,150625,159.2264107,109.5077516,1758,81.69144981,83.63648433,cosmos,4.07,87438944,63.72103817,55.77106315,23602,79.52156334,104.2544282
2025-05-07 01:06:40+00:00,atomone,1.55,207898,219.769974,135.2141241,1659,77.09107807,84.08789166,cosmos,4.11,79465431,57.91034898,55.42913539,28611,96.39824798,102.6001155
2025-05-07 23:20:00+00:00,atomone,1.54,188695,199.4703905,143.2461574,1715,79.69330855,83.53856877,cosmos,4.17,114892558,83.7278304,58.96647227,35580,119.8787062,104.7599394
2025-05-09 00:20:00+00:00,atomone,1.61,228386,241.4279372,138.8048071,1847,85.82713755,78.67764206,cosmos,4.53,114921899,83.74921262,63.41624465,37858,127.5539084,106.4117251
2025-05-10 01:20:00+00:00,atomone,1.48,207876,219.7467177,166.0063789,1720,79.92565056,78.62453532,cosmos,4.93,201245337,146.657327,76.58115597,44249,149.0869272,111.8583943
2025-05-10 23:33:20+00:00,atomone,1.53,63397,67.01727309,153.6327406,1843,85.64126394,79.50162639,cosmos,5.38,161247484,117.5089338,81.6971282,38382,129.319407,114.0410209
2025-05-12 00:33:20+00:00,atomone,1.47,60787,64.25822956,167.2738475,2121,98.55947955,84.06133829,cosmos,5.32,135646759,98.85243248,93.16101763,39117,131.7958221,119.079226
2025-05-12 22:46:40+00:00,atomone,1.44,319667,337.9215205,188.6048067,2240,104.0892193,86.56482342,cosmos,5.24,164775316,120.0798377,96.52587014,40156,135.296496,121.1063848
2025-05-13 23:46:40+00:00,atomone,1.54,241569,255.3637498,200.621974,1845,85.73420074,87.07016729,cosmos,5.29,136497621,99.47249726,100.9948025,31782,107.0822102,124.5514656
2025-05-15 00:46:40+00:00,atomone,1.55,152475,161.1820546,192.4167832,3322,154.3680297,99.16356877,cosmos,5.09,104814519,76.38347011,106.1005301,30093,101.3915094,125.9323258
2025-05-15 23:00:00+00:00,atomone,1.45,306594,324.1019895,208.877434,4177,194.098513,111.0304368,cosmos,4.85,137027421,99.85858845,105.3202874,24298,81.86657682,120.4241071
2025-05-17 00:00:00+00:00,atomone,1.33,316617,334.6973509,220.5361107,3465,161.0130112,120.428671,cosmos,4.83,92998160,67.77231096,103.3231747,22626,76.23315364,114.0090128
2025-05-18 01:00:00+00:00,atomone,1.41,321970,340.3560329,259.6972754,3544,164.6840149,137.5066383,cosmos,4.72,90291986,65.80018952,89.74561806,27354,92.16307278,103.6898344
2025-05-18 23:13:20+00:00,atomone,1.29,354917,375.1844648,274.1331741,2930,136.1524164,137.3373606,cosmos,4.89,160889317,117.24792,93.1834058,27344,92.12938005,102.2447776
2025-05-20 00:13:20+00:00,atomone,1.27,448375,473.9793653,323.552144,3039,141.2174721,148.181094,cosmos,4.78,125397646,91.38340219,88.27405407,26635,89.74056604,91.51520986
2025-05-21 01:13:20+00:00,atomone,1.41,419348,443.2947842,350.3994346,2984,138.66171,155.7421668,cosmos,4.84,102213039,74.48764431,84.70478936,29360,98.92183288,90.34944166
2025-05-21 23:26:40+00:00,atomone,1.4,322021,340.4099452,349.1507484,3269,151.9052045,155.2625465,cosmos,4.99,142059696,103.5258535,87.05742239,31449,105.9602426,92.30079178
2025-05-23 00:26:40+00:00,atomone,1.22,935024,988.4183598,470.9057576,2498,116.0780669,144.2445566,cosmos,5.21,150168811,109.4353625,89.95038329,29246,98.53773585,93.38371198
2025-05-23 22:40:00+00:00,atomone,1.071,339324,358.7010296,456.8801666,2293,106.5520446,139.5329926,cosmos,4.8,181095713,131.9733097,95.2032491,23744,80,91.71074798
2025-05-24 23:40:00+00:00,atomone,1.009,100561,106.3035159,428.3309372,2563,119.098513,134.2936803,cosmos,4.72,107903570,78.63461277,96.56103683,27436,92.4393531,93.73652291
2025-05-26 00:40:00+00:00,atomone,0.951885,77634,82.06727415,399.0248963,2607,121.1431227,127.8080191,cosmos,4.79,112561407,82.02900657,95.92417024,28911,97.40902965,94.71553716
2025-05-26 22:53:20+00:00,atomone,0.874347,49930,52.78124273,355.7444396,2495,115.9386617,126.3243494,cosmos,4.77,101147406,73.71106539,93.14753213,29019,97.77291105,95.09770889
2025-05-27 23:53:20+00:00,atomone,0.752279,124649,131.7670564,312.967901,2615,121.5148699,123.8615242,cosmos,4.75,127929228,93.22828991,93.3781431,27035,91.08827493,95.26617251
2025-05-29 00:53:20+00:00,atomone,0.581235,150745,159.3532633,268.4845346,2278,105.8550186,115.1686139,cosmos,4.83,113197199,82.49233932,93.07199803,26227,88.36590296,92.23045822
2025-05-29 23:06:40+00:00,atomone,0.546069,62745,66.32804076,243.2149728,2033,94.47026022,112.5813197,cosmos,4.63,115223485,83.9689931,91.93412242,24666,83.106469,91.08995957
2025-05-31 00:06:40+00:00,atomone,0.549752,64789,68.48876298,95.29845089,1791,83.22490706,108.7493362,cosmos,4.3,149285966,108.7919902,86.12232818,28362,95.55929919,92.24874856
2025-06-01 01:06:40+00:00,atomone,0.560113,51014,53.92714434,87.81611209,2077,96.51486989,105.5231014,cosmos,4.36,101447981,73.9301091,85.45025622,31795,107.1260108,94.34684251
2025-06-01 23:20:00+00:00,atomone,0.526308,28351,29.96997822,80.58534536,2807,130.436803,108.6373141,cosmos,4.37,72924838,53.14389874,81.41196154,28097,94.66644205,94.38679245
2025-06-03 00:20:00+00:00,atomone,0.648657,798735,844.3466035,193.4544071,2168,100.7434944,104.6800319,cosmos,4.47,84904191,61.87383959,79.63277999,27550,92.82345013,93.24797844
2025-06-04 01:20:00+00:00,atomone,0.611679,50502,53.38590668,182.2571,1825,84.80483271,99.43574084,cosmos,4.42,96655594,70.43766213,76.37697602,22921,77.22708895,91.26780901
2025-06-04 23:33:20+00:00,atomone,0.555628,90160,95.30856889,171.3885336,1741,80.90148699,97.11895911,cosmos,4.28,94660902,68.98403244,75.45285808,24142,81.34097035,90.02695418
2025-06-06 00:33:20+00:00,atomone,0.511807,47423,50.131081,170.7940065,1835,85.26951673,94.55655868,cosmos,4.09,123898311,90.2907634,75.35032794,23266,78.38948787,89.59039276
2025-06-06 22:46:40+00:00,atomone,0.656277,232344,245.611958,180.1462504,2099,97.53717472,94.92913569,cosmos,4.2,106510390,77.61933432,75.63395374,21627,72.86725067,87.5
2025-06-07 23:46:40+00:00,atomone,0.903252,215289,227.5830356,200.0330345,2316,107.6208178,97.97862454,cosmos,4.31,68570260,49.97050462,68.28126804,21226,71.51617251,84.49460916
2025-06-09 00:46:40+00:00,atomone,0.90288,98854,104.499038,231.5523131,2256,104.8327138,94.53000531,cosmos,4.27,76632431,55.84580322,67.8602771,26270,88.51078167,80.38217174
2025-06-09 23:00:00+00:00,atomone,0.841595,90490,95.65741348,214.5654506,2718,126.3011152,98.50139405,cosmos,4.44,98324824,71.65411173,68.33450643,27716,93.38274933,82.00724394
2025-06-11 00:00:00+00:00,atomone,1.011,332433,351.4165204,152.9491903,2380,110.5947955,99.73280669,cosmos,4.6,142353033,103.7396226,73.5677293,21236,71.54986523,79.34804582
2025-06-12 01:00:00+00:00,atomone,0.98178,53997,57.08048796,161.7113621,2090,97.11895911,104.1821561,cosmos,4.51,127093907,92.61955061,77.39138435,19019,64.08018868,77.18521371
2025-06-12 23:13:20+00:00,atomone,0.873035,94344,99.73149538,153.9638787,1964,91.26394052,102.5673792,cosmos,4.24,109886290,80.07951788,77.72740104,20019,67.44946092,75.96824461
2025-06-14 00:13:20+00:00,atomone,0.881372,91550,96.77794457,147.5351336,2491,115.7527881,107.6407329,cosmos,4.13,158451376,115.4712731,81.34005481,16433,55.36725067,73.12235271
2025-06-15 01:13:20+00:00,atomone,0.843077,42922,45.37305228,121.505136,1824,84.75836431,104.3746681,cosmos,4.1,72154482,52.58250262,81.71319738,17262,58.16037736,71.21438198
2025-06-15 23:26:40+00:00,atomone,0.773473,50176,53.04129051,112.9471553,1834,85.22304833,101.9807156,cosmos,4.09,65707291,47.88411898,77.48456258,21868,73.67924528,71.52248989
2025-06-17 00:26:40+00:00,atomone,0.811345,29002,30.65815345,104.8684207,1803,83.78252788,95.4992034,cosmos,4.16,87997799,64.12830316,79.50069841,20575,69.32277628,65.65845206
2025-06-17 22:40:00+00:00,atomone,0.716272,33239,35.13710649,96.15200638,2104,97.76951673,95.78299257,cosmos,4.03,99183365,72.27977258,78.59808268,21342,71.90700809,66.43952156
2025-06-18 23:40:00+00:00,atomone,0.674686,52569,55.5709423,59.17130912,2308,107.2490706,95.36477695,cosmos,4.01,81992628,59.75204113,73.099635,19938,67.17654987,65.89285714
2025-06-20 00:40:00+00:00,atomone,0.651834,39631,41.89412038,51.20751571,2120,98.51301115,96.14976102,cosmos,4.04,68326051,49.79253756,65.98436415,19218,64.75067385,65.76626877
2025-06-20 22:53:20+00:00,atomone,0.620093,21341,22.55967357,47.62653544,2361,109.7118959,97.84502788,cosmos,3.93,77052748,56.15210879,64.75533223,19633,66.14892183,65.8141004
2025-06-21 23:53:20+00:00,atomone,0.564245,30109,31.82836846,39.50783843,1801,83.68959108,93.83712825,cosmos,3.76,71935241,52.42273097,56.87426447,22037,74.24865229,68.17427561
2025-06-23 00:53:20+00:00,atomone,0.558558,50131,52.9937208,38.66315507,1715,79.69330855,94.3441317,cosmos,3.72,137388819,100.1219569,64.94992158,22628,76.23989218,69.9706392
2025-06-23 23:06:40+00:00,atomone,0.597742,30130,31.85056767,37.81158164,2061,95.77137546,94.52253717,cosmos,4.08,94041588,68.53270802,65.39776988,23305,78.52088949,71.03942049
2025-06-25 00:06:40+00:00,atomone,0.586296,35190,37.19951796,39.12813016,2275,105.7156134,97.19198088,cosmos,4.07,101880465,74.24528136,65.85990924,21980,74.05660377,71.59174047
2025-06-26 01:06:40+00:00,atomone,0.554523,36865,38.9701685,36.75659105,2170,100.8364312,96.27588954,cosmos,4,77524513,56.49590704,65.39474723,18798,63.33557951,71.04303042
2025-06-26 23:20:00+00:00,atomone,0.528722,42047,44.44808558,37.71802787,1548,71.9330855,93.23303903,cosmos,3.9,68565772,49.96723399,63.46630807,20091,67.69204852,70.62415768
2025-06-28 00:20:00+00:00,atomone,0.531841,11345.56,11.99344595,35.61198213,1517,70.49256506,86.87599575,cosmos,3.92,53567812,39.03748647,62.97475781,18053,60.8254717,70.70273392
2025-06-29 01:20:00+00:00,atomone,0.506866,39103,41.33596905,36.97021079,1936,89.96282528,87.77217207,cosmos,3.99,51242728,37.34308396,60.82052253,21978,74.04986523,70.67433577
2025-06-29 23:33:20+00:00,atomone,0.528933,12831.61,13.56435654,34.04447901,1966,91.35687732,88.22026022,cosmos,4.21,63904268,46.57016787,59.03922819,25724,86.67115903,72.67393868
2025-07-01 00:33:20+00:00,atomone,0.489875,31814,33.63073215,31.59175368,1949,90.5669145,88.69490175,cosmos,4.1,70143307,51.11686096,50.68228881,22085,74.41037736,71.57730073
2025-07-01 22:46:40+00:00,atomone,0.457945,58683,62.03408106,35.3970446,1717,79.78624535,87.5813197,cosmos,3.93,57198812,41.68357389,49.55744944,21600,72.77628032,71.72717318
2025-07-02 23:46:40+00:00,atomone,0.477407,64034,67.69064885,39.20843596,1832,85.13011152,85.00813197,cosmos,4.17,87258422,63.58948295,48.22547464,22498,75.80188679,71.94533356
2025-07-04 00:46:40+00:00,atomone,0.385545,117397,124.1009324,50.62145228,1428,66.35687732,81.95034519,cosmos,4.18,76619557,55.83642131,47.88243963,21003,70.7648248,73.61426646
2025-07-04 23:00:00+00:00,atomone,0.374926,47987,50.7272881,50.63468176,1857,86.29182156,82.49302974,cosmos,4,70685786,51.51219196,48.33615867,17686,59.58894879,71.86110175
2025-07-06 00:00:00+00:00,atomone,0.328193,42208,44.61827946,54.71278595,1780,82.71375465,84.02067844,cosmos,4.01,43015113,31.34721821,47.37487514,18093,60.96024259,71.87794811
2025-07-07 01:00:00+00:00,atomone,0.337609,17212.31,18.19521554,57.28531108,1840,85.50185874,82.33536909,cosmos,4.08,53740952,39.16366206,47.7499159,23513,79.22169811,70.50346554
2025-07-07 23:13:20+00:00,atomone,0.413271,157171,166.1462187,70.89292453,1890,87.82527881,83.02160781,cosmos,4.04,51492881,37.52538269,46.47184925,22331,75.23921833,71.09543464
2025-07-09 00:13:20+00:00,atomone,0.40251,74448,78.69933825,78.5968459,2271,105.5297398,85.62134891,cosmos,4.13,71303179,51.96211645,47.27663937,24130,81.30053908,71.83962264
2025-07-10 01:13:20+00:00,atomone,0.402986,39933,42.21336603,74.95723407,3157,146.7007435,94.41715348,cosmos,4.31,109614794,79.88166545,49.60409402,28426,95.77493261,74.6929149
2025-07-10 23:26:40+00:00,atomone,0.439433,38461,40.65730777,70.66974328,2769,128.6710037,98.69888476,cosmos,4.61,119823435,87.32120181,54.31873249,38389,129.3429919,81.52417453
2025-07-12 00:26:40+00:00,atomone,0.404434,37129,39.24924417,61.39699571,2109,98.00185874,104.992034,cosmos,4.65,200020380,145.7646409,67.56655536,23029,77.59097035,85.63294186
2025-07-12 22:40:00+00:00,atomone,0.396682,9143.76,9.665912599,54.93061032,2722,126.4869888,107.6789033,cosmos,4.59,98753963,71.96684632,68.11659173,25231,85.01010782,85.5550876
2025-07-13 23:40:00+00:00,atomone,0.397345,7610.38,8.044969238,50.35894654,2658,123.5130112,112.7788104,cosmos,4.68,84555947,61.62005715,71.9006966,30063,101.2904313,90.59636119
2025-07-15 00:40:00+00:00,atomone,0.356182,33256,35.15507727,36.24074505,2744,127.5092937,122.3446628,cosmos,4.55,135733514,98.91565509,85.34745473,25257,85.09770889,93.62966885
2025-07-15 22:53:20+00:00,atomone,0.365752,10354.8,10.9461088,33.07891552,2281,105.9944238,120.3008829,cosmos,4.67,128491543,93.63807637,86.38378244,29364,98.93530997,94.29287399
2025-07-16 23:53:20+00:00,atomone,0.357475,15439.35,16.32101102,25.28162461,2847,132.295539,123.6466078,cosmos,4.75,129315872,94.23880526,91.66836854,29555,99.57884097,96.57766173
2025-07-18 00:53:20+00:00,atomone,0.342231,18248.37,19.29043954,19.81039466,2392,111.1524164,117.8505045,cosmos,4.88,159885138,116.5161256,97.52288666,35270,118.8342318,95.19108587
2025-07-18 23:06:40+00:00,atomone,0.337572,13429.35,14.19623036,19.10862413,2162,100.464684,115.677277,cosmos,5.1,211840628,154.3786341,104.6298551,23239,78.29851752,93.07951482
2025-07-20 00:06:40+00:00,atomone,0.322747,10349.46,10.94046386,16.41347144,3159,146.7936803,121.1032926,cosmos,5.02,112594207,82.05290953,100.1943233,35118,118.3221024,100.0510204
2025-07-21 01:06:40+00:00,atomone,0.342519,16847.34,17.809404,17.80839069,2921,135.7342007,122.8491768,cosmos,5.17,148701675,108.3661887,106.8723421,38200,128.7061995,103.9675587
2025-07-21 23:20:00+00:00,atomone,0.352318,14918.09,15.76998457,17.55358993,2449,113.8011152,121.7181691,cosmos,5.2,159583361,116.2962059,108.0503251,29790,100.3706199,103.5179414
2025-07-23 00:20:00+00:00,atomone,0.360957,15043.84,15.9029155,15.74720698,1948,90.5204461,118.6802974,cosmos,5.11,161062099,117.3738347,112.7461005,28739,96.82951482,105.8485753
2025-07-24 01:20:00+00:00,atomone,0.347837,28557,30.18774181,17.72816852,1841,85.54832714,112.0021243,cosmos,4.7,182652465,133.1077911,118.2988128,23557,79.36994609,102.9615903
2025-07-24 23:33:20+00:00,atomone,0.336878,14074.97,14.87871837,17.37198725,1951,90.6598513,109.3343401,cosmos,4.63,145967353,106.3735545,116.8081555,22252,74.97304582,99.46302224
2025-07-26 00:33:20+00:00,atomone,0.330975,6053.07,6.39872936,15.98399392,1775,82.48141264,106.5055762,cosmos,4.71,132884226,96.83923947,108.6299606,22098,74.4541779,96.14651521
2025-07-26 22:46:40+00:00,atomone,0.336172,15745.99,16.64516163,16.06663989,1917,89.07992565,104.3273699,cosmos,4.77,65814018,47.96189617,101.0464525,26010,87.63477089,95.08254717
2025-07-27 23:46:40+00:00,atomone,0.337231,6212.47,6.567231865,15.51998589,1825,84.80483271,96.57876394,cosmos,4.87,69384918,50.56418577,97.11036204,30503,102.7729111,93.13889825
2025-07-29 00:46:40+00:00,atomone,0.291161,18508.71,19.56564621,15.73516353,2679,124.4888476,92.51194902,cosmos,4.63,131436871,95.78448104,92.57214039,27947,94.16105121,87.17077397
2025-07-29 23:00:00+00:00,atomone,0.291128,23728,25.08298273,16.90364093,1124,52.23048327,87.4767658,cosmos,4.6,129652183,94.48389154,92.81110928,25562,86.12533693,87.04009434
2025-07-31 00:00:00+00:00,atomone,0.280833,3669.13,3.87865494,15.40060836,1122,52.13754647,82.67890335,cosmos,4.42,155811879,113.5477424,92.33284775,26672,89.86522911,86.16955863
2025-08-01 01:00:00+00:00,atomone,0.272447,3608.95,3.815038373,11.70763501,1444,67.10037175,78.90334572,cosmos,4.21,125069475,91.14424792,84.33224062,28765,96.9171159,90.275799
2025-08-01 23:13:20+00:00,atomone,0.286499,15196.1,16.06387027,12.25216442,1073,49.8605948,75.27300186,cosmos,4.15,170876657,124.5261835,89.35648347,22524,75.88948787,88.47751011
2025-08-03 00:13:20+00:00,atomone,0.273145,10259.06,10.84490158,12.25976085,1431,66.49628253,71.01699416,cosmos,4.1,101103917,73.67937282,91.96144357,23167,78.05592992,89.11243743
2025-08-04 01:13:20+00:00,atomone,0.284581,6701.9,7.084610668,12.33367211,1123,52.18401487,66.35687732,cosmos,4.27,72797128,53.05083021,92.31667849,25331,85.34703504,86.62302657
2025-08-04 23:26:40+00:00,atomone,0.285064,14087.61,14.89208017,12.65347312,1031,47.90892193,64.0508829,cosmos,4.31,100557907,73.28146861,89.93727725,24691,83.19070081,86.19398585
2025-08-06 00:26:40+00:00,atomone,0.28284,7746.66,8.189031481,9.252598213,1026,47.67657993,54.76633032,cosmos,4.23,108281847,78.91028174,86.87716102,29295,98.70283019,86.85261841
2025-08-06 22:40:00+00:00,atomone,0.290491,5797.62,6.128691939,8.862109928,1159,53.85687732,54.6526487,cosmos,4.33,91309265,66.54153051,84.33520721,40211,135.4818059,92.93126685
2025-08-07 23:40:00+00:00,atomone,0.390681,104009,109.9484133,22.12082972,1321,61.38475836,55.80855019,cosmos,4.47,89153528,64.97053945,78.26305684,44016,148.3018868,100.2358491
2025-08-09 00:40:00+00:00,atomone,0.371149,15746.43,16.64562676,24.81905084,1395,64.82342007,56.33297929,cosmos,4.61,207756409,151.4022638,80.26232674,42182,142.1226415,110.1718329
2025-08-09 22:53:20+00:00,atomone,0.345885,28549,30.17928497,25.48908011,1278,59.3866171,56.71468401,cosmos,4.73,112530028,82.00613916,80.48030329,32002,107.8234501,109.878285
2025-08-10 23:53:20+00:00,atomone,0.33425,11754.2,12.42542126,25.68664507,2003,93.07620818,60.03717472,cosmos,4.66,93687231,68.27447073,79.80469053,33326,112.2843666,114.1568396
2025-08-12 00:53:20+00:00,atomone,0.332255,9032.51,9.548309689,27.58068277,1345,62.5,63.24349442,cosmos,4.49,124019094,90.37878388,86.06914418,36004,121.3072776,123.7177513
2025-08-12 23:06:40+00:00,atomone,0.34093,12426.54,13.1361551,25.77511681,1611,74.8605948,64.69563197,cosmos,4.7,125678712,91.58822875,86.75902975,54086,182.2304582,131.0318396
2025-08-14 00:06:40+00:00,atomone,0.3525,16197.49,17.12244445,29.85795079,1597,74.21003717,70.03451938,cosmos,4.86,155446620,113.2815603,94.55742658,34174,115.1415094,132.7445129
2025-08-15 01:06:40+00:00,atomone,0.329084,8272.29,8.744677477,15.40027424,1681,78.1133829,72.42432289,cosmos,4.53,158562292,115.552103,101.7833642,27702,93.33557951,124.8921833
2025-08-15 23:20:00+00:00,atomone,0.327017,6216.06,6.571026872,14.29661832,1347,62.5929368,71.19539963,cosmos,4.45,127265601,92.74467243,100.6535278,35297,118.9252022,124.1463106
2025-08-17 00:20:00+00:00,atomone,0.330126,4776.68,5.049451363,10.37106946,1560,72.49070632,73.97769517,cosmos,4.57,74841504,54.54066706,89.48006944,40156,135.296496,125.5029842
2025-08-18 01:20:00+00:00,atomone,0.328749,6230.01,6.585773484,9.536834062,1485,69.00557621,70.53903346,cosmos,4.64,90692199,66.09184432,89.16826567,46025,155.0707547,131.6153254
2025-08-18 23:33:20+00:00,atomone,0.31542,35936,37.98811814,13.09324457,1182,54.92565056,68.58736059,cosmos,4.47,113618413,82.79929858,88.37214478,27024,91.05121294,126.5448113
2025-08-20 00:33:20+00:00,atomone,0.299762,8406.41,8.886456373,12.99256402,1019,47.35130112,65.52708444,cosmos,4.29,108775110,79.26974663,86.3256989,23791,80.1583558,112.7113015
2025-08-20 22:46:40+00:00,atomone,0.321307,5702.22,6.02784414,12.12197404,1842,85.59479554,68.03554833,cosmos,4.47,82153668,59.86939886,83.01866139,34835,117.3685984,113.2934636
2025-08-21 23:46:40+00:00,atomone,0.277859,47726,50.45138375,16.28809145,1558,72.39776952,67.80901487,cosmos,4.42,96241460,70.13586241,77.62544916,37243,125.4818059,114.5860007
2025-08-23 00:46:40+00:00,atomone,0.325932,22146,23.41064293,19.77138145,1579,73.37360595,67.87705789,cosmos,4.83,190075212,138.5171102,78.74627543,38770,130.6266846,119.2934155
2025-08-23 23:00:00+00:00,atomone,0.229272,49713,52.55185099,23.86894015,1268,58.92193309,66.75766729,cosmos,4.88,156766495,114.2434178,83.18341823,32752,110.3504043,118.1755391
2025-08-25 00:00:00+00:00,atomone,0.258431,13577.4,14.35273473,25.03185057,1547,71.8866171,66.68215613,cosmos,4.79,139845458,101.9122299,89.10486359,36320,122.3719677,116.559973
2025-08-26 01:00:00+00:00,atomone,0.198098,55567,58.7401425,30.63157934,1328,61.71003717,67.31943707,cosmos,4.42,197674917,144.0553872,101.1433076,34331,115.6704852,114.5754717
2025-08-26 23:13:20+00:00,atomone,0.228611,23600,24.94767331,29.92109109,1338,62.17472119,66.67634758,cosmos,4.53,131299518,95.68438519,100.4609423,29058,97.90431267,112.4915768
2025-08-28 00:13:20+00:00,atomone,0.229633,23107,24.42652065,35.55442127,1291,59.99070632,65.77934148,cosmos,4.49,90603956,66.02753732,104.36799,24076,81.11859838,111.932037
2025-08-29 01:13:20+00:00,atomone,0.245791,30225,31.95099262,32.91150825,1046,48.60594796,62.38050982,cosmos,4.8,115225952,83.97079093,106.3444084,23237,78.29177898,105.1906045
2025-08-29 23:26:40+00:00,atomone,0.228431,13775.45,14.56209434,30.61783151,1302,60.50185874,62.14567844,cosmos,4.49,139482640,101.6478267,105.7573357,22936,77.27762803,101.7014825
2025-08-31 00:26:40+00:00,atomone,0.217416,13681.19,14.46245164,26.20608711,1868,86.80297398,64.52469464,cosmos,4.5,65055895,47.40941483,91.52965315,25659,86.45215633,94.15527532
2025-08-31 22:40:00+00:00,atomone,0.208634,11140.26,11.77642233,24.40237901,1555,72.25836431,65.49140335,cosmos,4.47,65268374,47.56425868,86.03397885,27833,93.77695418,94.10798518
2025-09-01 23:40:00+00:00,atomone,0.190559,15495.57,16.38044145,24.65584235,1564,72.67657993,65.5901487,cosmos,4.38,116505299,84.9031137,83.90783931,25158,84.76415094,89.40700809
2025-09-03 00:40:00+00:00,atomone,0.188676,13391.15,14.15584896,18.24496743,1732,80.48327138,68.75995751,cosmos,4.43,83122585,60.5754961,70.2997769,22185,74.74730458,82.34693878
2025-09-03 22:53:20+00:00,atomone,0.176535,22329,23.60409311,18.91485814,1549,71.9795539,69.16240706,cosmos,4.52,83852573,61.10747409,69.15073904,22020,74.19137466,81.32749326
2025-09-04 23:53:20+00:00,atomone,0.183738,36224,38.29256432,20.6481136,1796,83.45724907,72.09572491,cosmos,4.4,88307432,64.35394788,68.94154036,35613,119.9898922,86.18640499
2025-09-06 00:53:20+00:00,atomone,0.190696,7051.3,7.453963086,18.01796927,1365,63.42936803,75.86962294,cosmos,4.44,110756100,80.713391,63.8038709,34435,116.0208895,92.84896034
2025-09-06 23:06:40+00:00,atomone,0.196267,7441.37,7.866307956,16.74901161,1583,73.55947955,75.58085502,cosmos,4.41,55357354,40.34161331,60.8710887,25162,84.77762803,91.8400438
2025-09-08 00:06:40+00:00,atomone,0.201994,2622.47,2.772225628,15.78934922,1530,71.09665428,73.81173659,cosmos,4.49,71112463,51.82313237,63.40259549,26454,89.13072776,91.94599538
2025-09-09 01:06:40+00:00,atomone,0.214228,13349,14.11129199,15.46518501,1724,80.11152416,74.87387148,cosmos,4.54,110956895,80.85972014,62.82496784,26274,88.52425876,92.48315364
2025-09-09 23:20:00+00:00,atomone,0.221895,13469.93,14.23912768,15.31192784,1621,75.32527881,74.9302974,cosmos,4.59,117381255,85.54146571,65.66453008,29950,100.9097035,93.53647237
2025-09-11 00:20:00+00:00,atomone,0.220085,12668.61,13.39204846,14.01821845,1288,59.85130112,72.40440786,cosmos,4.68,109174744,79.56097948,69.02774999,31621,106.5397574,100.8418367
2025-09-12 01:20:00+00:00,atomone,0.208134,17556.01,18.55854246,11.19907247,1340,62.26765799,69.37732342,cosmos,4.69,80965574,59.00357661,68.26341123,30562,102.9716981,98.41066615
2025-09-12 23:33:20+00:00,atomone,0.249849,74346,78.59151356,19.6231276,1284,59.66542751,68.16333643,cosmos,4.75,89596077,65.29304657,67.89211565,30708,103.4636119,99.04228437
2025-09-14 00:33:20+00:00,atomone,0.234811,18606.81,19.66934819,23.04772828,1302,60.50185874,66.97424323,cosmos,4.83,131041735,95.4965261,73.93977814,26935,90.75134771,97.47015787
2025-09-14 22:46:40+00:00,atomone,0.239439,15356.8,16.23374701,22.19598062,1260,58.55018587,65.92123606,cosmos,4.64,87380118,63.67816878,72.65707697,27011,91.0074124,96.66231469
2025-09-15 23:46:40+00:00,atomone,0.224372,9018.95,9.533975348,23.04119934,1352,62.82527881,64.88731413,cosmos,4.5,105647714,76.99066009,75.80301794,35560,119.8113208,100.4973888
2025-09-17 00:46:40+00:00,atomone,0.212732,20936,22.13154612,25.44438874,1162,53.99628253,59.66542751,cosmos,4.55,111843496,81.50582969,74.50411247,28164,94.89218329,101.3481902
2025-09-17 23:00:00+00:00,atomone,0.24002,17164.08,18.14423138,24.53186907,1287,59.80483271,59.68285316,cosmos,4.61,99934254,72.82698215,74.29447118,29636,99.85175202,101.1611354
2025-09-19 00:00:00+00:00,atomone,0.226645,25068,26.49950316,26.1703009,1069,49.67472119,58.41078067,cosmos,4.68,95260937,69.42130731,73.02701216,35246,118.7533693,102.6878369
2025-09-20 01:00:00+00:00,atomone,0.222431,9051.35,9.568225544,17.39722525,1186,55.11152416,57.20924057,cosmos,4.48,100167358,72.99685644,76.13090437,34313,115.6098383,104.3824605
2025-09-20 23:13:20+00:00,atomone,0.222683,10595.78,11.20084991,16.62267833,1245,57.85315985,57.28973048,cosmos,4.45,67266390,49.02031073,72.74208016,36375,122.5572776,106.6543127
2025-09-22 00:13:20+00:00,atomone,0.217495,6862.01,7.253863718,14.90459931,1454,67.56505576,58.11869357,cosmos,4.41,86851073,63.2926278,69.43636774,48105,162.078841,119.079226
2025-09-23 01:13:20+00:00,atomone,0.190988,23632,24.98150067,17.11138864,1060,49.25650558,56.1802974,cosmos,4.16,148769842,108.4158654,73.92568278,39013,131.4454178,120.7412399
2025-09-23 23:26:40+00:00,atomone,0.186931,9101.62,9.621366202,16.17513584,1126,52.32342007,55.69818773,cosmos,4.13,73948570,53.88994235,71.42121523,32073,108.0626685,119.1564185
2025-09-25 00:26:40+00:00,atomone,0.1789,16756.15,17.71300662,15.26261655,1121,52.09107807,54.8393521,cosmos,4.15,74571063,54.34358347,67.3400705,30381,102.3618598,122.9813246
2025-09-25 22:40:00+00:00,atomone,0.172083,25403,26.85363327,16.71149364,1068,49.62825279,54.18796468,cosmos,4.01,115258760,83.99469972,69.42189915,27081,91.24326146,119.0140667
2025-09-26 23:40:00+00:00,atomone,0.209023,19304.82,20.40721791,15.94995798,1461,67.89033457,56.46491636,cosmos,4.11,79346452,57.82364316,67.97219113,21415,72.15296496,113.1890162
2025-09-28 00:40:00+00:00,atomone,0.34008,176282,186.3485486,41.88273385,2597,120.6784387,65.63329793,cosmos,4.12,65244777,47.54706239,67.04391775,21525,72.52358491,105.6955141
2025-09-28 22:53:20+00:00,atomone,0.505897,379383,401.0475909,86.77834098,3797,176.4405204,79.48420074,cosmos,4.18,63534354,46.30059343,64.45100221,23867,80.41442049,102.5353774
2025-09-29 23:53:20+00:00,atomone,0.923579,2370063,2505.404977,399.0472301,3771,175.232342,92.94261152,cosmos,4.12,95478628,69.5799494,65.23691741,31223,105.1987871,95.42537062
2025-10-01 00:53:20+00:00,atomone,1.37,1384266,1463.314235,660.1556013,27944,1298.513011,277.2105682,cosmos,4.1,93449020,68.10087471,61.09862947,45964,154.8652291,96.96572969
2025-10-01 23:06:40+00:00,atomone,6.07,37722286,39876.40965,5562.187357,12747,592.3327138,316.6008364,cosmos,4.12,236760509,172.5389711,75.02867217,45494,153.2816712,104.0052224
2025-10-03 00:06:40+00:00,atomone,1.086,3144971,3324.563944,6825.356595,3316,154.0892193,369.31094,cosmos,4.3,165518579,120.6214898,83.21608342,39255,132.2607817,110.0996342
2025-10-04 01:06:40+00:00,atomone,0.711965,659150,696.7906298,6921.982796,2372,110.2230483,375.3584705,cosmos,4.29,111023759,80.90844721,86.51391257,32680,110.1078167,115.5217559
2025-10-04 23:20:00+00:00,atomone,0.674981,112171,118.5765027,6071.55701,2244,104.2750929,341.4730483,cosmos,4.14,87110188,63.48145758,83.6348557,38519,129.7809973,117.3041611
2025-10-06 00:20:00+00:00,atomone,0.773694,154239,163.0467875,6878.300961,4314,200.464684,376.4471588,cosmos,4.15,112464148,81.95812918,93.88418842,37315,125.7243935,130.1742395
2025-10-07 01:20:00+00:00,atomone,1.85,1543778,1631.935136,6753.519555,5882,273.3271375,390.460701,cosmos,4.27,120840861,88.06264993,96.52457421,30944,104.2587601,130.0399499
2025-10-07 23:33:20+00:00,atomone,2.49,3709294,3921.112497,6399.468673,3141,145.9572491,359.8977695,cosmos,4.06,139128780,101.3899516,97.13274639,26718,90.02021563,125.0374832
2025-10-09 00:33:20+00:00,atomone,1.72,1030459,1089.303157,1563.618379,2534,117.7509294,158.0124801,cosmos,4.17,95509094,69.60215147,86.57489668,32406,109.1846361,114.4768002
2025-10-09 22:46:40+00:00,atomone,1.96,723483,764.797353,1463.765751,4322,200.8364312,163.365474,cosmos,4.06,94814682,69.09609945,84.39004703,37462,126.2196765,115.9446597
2025-10-10 23:46:40+00:00,atomone,2.04,2551657,2697.368866,1385.366366,2811,130.6226766,160.4321561,cosmos,2.99,305943834,222.9562462,97.18189158,53711,180.9669811,122.0329346
2025-10-12 00:46:40+00:00,atomone,2.03,426559,450.917567,1531.211623,2302,106.9702602,167.9899097,cosmos,3.15,249895839,182.111329,116.4537938,38176,128.6253369,123.5714286
2025-10-12 23:00:00+00:00,atomone,2.01,210563,222.5871583,1367.633565,3108,144.4237918,165.044145,cosmos,3.48,136550349,99.51092274,114.3359349,33638,113.3355795,122.2919474
2025-10-14 00:00:00+00:00,atomone,2.39,547281,578.5333728,1419.569388,3295,153.1133829,159.1252323,cosmos,3.64,126445599,92.14709684,115.6095559,25835,87.04514825,117.4570418
2025-10-15 01:00:00+00:00,atomone,2.84,490254,518.2498573,903.1081901,4759,221.1431227,153.5515135,cosmos,3.48,138551017,100.9689074,119.484679,28081,94.61253369,119.998556
2025-10-15 23:13:20+00:00,atomone,3.32,989611,1046.12254,920.9849838,3522,163.66171,154.8152881,cosmos,3.33,94462636,68.8395463,113.1540374,21413,72.14622642,114.0170148
2025-10-17 00:13:20+00:00,atomone,2.73,783681,828.4329478,906.0303298,3740,173.7918216,156.2466808,cosmos,3.25,102085758,74.39488841,120.1327053,23956,80.71428571,108.2065845
2025-10-18 01:13:20+00:00,atomone,3.07,503855,532.6275397,596.7815689,4789,222.5371747,169.3773234,cosmos,3.16,102559867,74.74039485,98.95901222,26403,88.95889488,95.0625722
2025-10-18 23:26:40+00:00,atomone,2.95,424681,448.9323242,578.3004133,4521,210.0836431,174.4656134,cosmos,3.18,50873720,37.07416976,91.22340691,25510,85.95013477,93.92351752
2025-10-20 00:26:40+00:00,atomone,2.28,660940,698.6828474,664.5116327,,,190.7218092,cosmos,3.23,70034747,51.03774797,71.3146788,,,84.90453729